title,company,location,apply_link
Security Engineer - Lead,Tessian,"London, UK",https://stackoverflow.com/jobs/288407
Senior C/Linux Developer,igolgi,"Barrington, IL",https://stackoverflow.com/jobs/291637
Sr. Software Engineer - Infrastructure,Rigetti Computing,"Berkeley, CA",https://stackoverflow.com/jobs/271574
Senior Software Developer,INFICON,"Austin, TX",https://stackoverflow.com/jobs/329135
Python Developer,Hyperia,"Denver, CO",https://stackoverflow.com/jobs/329133
Software Engineer - Backend,Hyperia,"Denver, CO",https://stackoverflow.com/jobs/329130
Data Science and Marketing Analytics,Nagarro,"Coopersburg, PA",https://stackoverflow.com/jobs/271171
Hiwi oder Werkstudent Software-Entwicklung C/C++ Linux (m/w/d),Yardeye GmbH,"Karlsruhe, Deutschland",https://stackoverflow.com/jobs/291519
Junior Software-Entwickler C++ Linux (m/w/d),Yardeye GmbH,"Karlsruhe, Deutschland",https://stackoverflow.com/jobs/291517
Senior Software-Entwickler C++ Linux (m/w/d),Yardeye GmbH,"Karlsruhe, Deutschland",https://stackoverflow.com/jobs/291516
Senior Software Engineer (Java),Pinnacle 21,"Blue Bell, PA",https://stackoverflow.com/jobs/262299
Senior Software Developer - Play Stack,Hulu,"Santa Monica, CA",https://stackoverflow.com/jobs/329113
Senior Software Developer - Messaging Platform,Hulu,"Santa Monica, CA",https://stackoverflow.com/jobs/329112
Senior Software Developer - Cloud DVR,Hulu,"Santa Monica, CA",https://stackoverflow.com/jobs/329111
Senior Software Developer - Ad Applications,Hulu,"Santa Monica, CA",https://stackoverflow.com/jobs/329108
Engineering Manager - Content Library,Hulu,"Santa Monica, CA",https://stackoverflow.com/jobs/329107
Grant Specialist - Full-Stack JS Developer,Texas State University,"San Marcos, TX",https://stackoverflow.com/jobs/329105
Database Team Lead,Coolblue,"Rotterdam, Netherlands",https://stackoverflow.com/jobs/329101
Python/Data Science [REMOTE],Clevertech,No office location,https://stackoverflow.com/jobs/329097
"Craftsmanship Focused / Test Loving Full Stack Web Dev - Python, React, SQL",Level 12,"Louisville, KY",https://stackoverflow.com/jobs/207146
Site Reliability Lead,Tessian,"London, UK",https://stackoverflow.com/jobs/288409
Senior Applied Data Scientist,Tessian,"London, UK",https://stackoverflow.com/jobs/308047
Python Backend Engineer,Tessian,"London, UK",https://stackoverflow.com/jobs/288862
Platform Engineer,Tessian,"London, UK",https://stackoverflow.com/jobs/273046
"DevOps Engineer, Platform Engineering",C2FO,"Leawood, KS",https://stackoverflow.com/jobs/290833
Enthusiastic mid-level developers for small software company,Black Cow Technology,"Oxford, UK",https://stackoverflow.com/jobs/119562
Frontend Engineer,Tessian,"London, UK",https://stackoverflow.com/jobs/294429
Front End Engineer,Qualio,"Dublin, Ireland",https://stackoverflow.com/jobs/299795
